trade_date,direction,signal_close,buy_stop_order,sell_stop_order,entry_time,exit_time,entry_price,exit_price,stop_price,target_price,stop_pips,result_pips,outcome,pnl_usd,R,cum_pnl_usd,equity_usd,drawdown_pct
2025-01-01,short,1.0404,1.043510163,1.037289837,2025-01-01 21:59,2025-01-01 23:00,1.037224837,1.035705,1.037845577,1.034114674,6.207393445,15.19837243,forced_close_end_of_data,15.19837243,2.448430659,15.19837243,1015.198372,0
2025-01-02,short,1.0364,1.039616078,1.033183922,2025-01-02 11:00,2025-01-02 16:00,1.033118922,1.029967844,1.0337608,1.029902844,6.418783773,31.5107812,target,31.5107812,4.909151377,46.70915362,1046.709154,0
2025-01-06,long,1.03128,1.034498846,1.028061154,2025-01-06 9:00,2025-01-06 11:00,1.034563846,1.033856415,1.033921415,1.037782692,6.424308337,-7.074308337,stop,-7.074308337,-1.101178207,39.63484528,1039.634845,-0.006758619
2025-01-07,long,1.03976,1.043157009,1.036362991,2025-01-07 10:00,2025-01-07 11:00,1.043222009,1.04247902,1.04254402,1.046619018,6.77989292,-7.42989292,stop,-7.42989292,-1.095871721,32.20495236,1032.204952,-0.013856955
2025-01-08,short,1.03516,1.038638962,1.031681038,2025-01-08 10:00,2025-01-08 12:00,1.031616038,1.028202076,1.032310384,1.028137076,6.943458274,34.13961906,target,34.13961906,4.916803373,66.34457143,1066.344571,0
2025-01-10,short,1.02817,1.031593746,1.024746254,2025-01-10 14:00,2025-01-10 15:00,1.024681254,1.02542958,1.02536458,1.021257509,6.833255093,-7.483255093,stop,-7.483255093,-1.09512304,58.86131633,1058.861316,-0.007017671
2025-01-13,short,1.02175,1.025093225,1.018406775,2025-01-13 10:00,2025-01-13 11:00,1.018341775,1.01907403,1.01900903,1.01499855,6.672548721,-7.322548721,stop,-7.322548721,-1.097414051,51.53876761,1051.538768,-0.013884634
2025-01-14,long,1.02527,1.028676463,1.021863537,2025-01-14 16:00,2025-01-14 18:00,1.028741463,1.027996587,1.028061587,1.032147925,6.798761285,-7.448761285,stop,-7.448761285,-1.095605651,44.09000633,1044.090006,-0.020869957
2025-01-15,long,1.02961,1.033019059,1.026200941,2025-01-15 14:00,2025-01-15 16:00,1.033084059,1.032338665,1.032403665,1.036493118,6.803943221,-7.453943221,stop,-7.453943221,-1.095532837,36.63606311,1036.636063,-0.027860139
2025-01-17,long,1.02906,1.032486844,1.025633156,2025-01-17 16:00,2025-01-17 17:00,1.032551844,1.0318029,1.0318679,1.035978688,6.839438757,-7.489438757,stop,-7.489438757,-1.095037038,29.14662435,1029.146624,-0.034883609
2025-01-20,long,1.03106,1.034336805,1.027783195,2025-01-20 14:00,2025-01-20 15:00,1.034401805,1.03761361,1.033747807,1.03767861,6.539985478,32.11805224,target,32.11805224,4.911028067,61.26467659,1061.264677,-0.00476384
2025-01-21,long,1.0369,1.040416764,1.033383236,2025-01-21 16:00,2025-01-21 23:00,1.040481764,1.042665,1.039779874,1.043998529,7.018906204,21.83235537,forced_close_end_of_data,21.83235537,3.110506785,83.09703196,1083.097032,0
2025-01-22,long,1.04039,1.043957237,1.036822763,2025-01-22 10:00,2025-01-22 13:00,1.044022237,1.043245273,1.043310273,1.047589473,7.119640894,-7.769640894,stop,-7.769640894,-1.091296739,75.32739107,1075.327391,-0.007173541
2025-01-24,long,1.04573,1.049255948,1.042204052,2025-01-24 9:00,2025-01-24 11:00,1.049320948,1.048552225,1.048617225,1.052846897,7.037235907,-7.687235907,stop,-7.687235907,-1.092365811,67.64015516,1067.640155,-0.014270999
2025-01-27,long,1.04593,1.049399325,1.042460675,2025-01-27 11:00,2025-01-27 14:00,1.049464325,1.052868651,1.048771903,1.052933651,6.924225406,34.04325438,target,34.04325438,4.916543351,101.6834095,1101.68341,0
2025-01-29,short,1.04375,1.047243836,1.040256164,2025-01-29 10:00,2025-01-29 16:00,1.040191164,1.040953478,1.040888478,1.036697327,6.973145429,-7.623145429,stop,-7.623145429,-1.093214749,94.06026411,1094.060264,-0.006919543
2025-01-30,long,1.04141,1.044876812,1.037943188,2025-01-30 14:00,2025-01-30 15:00,1.044941812,1.044184891,1.044249891,1.048408623,6.919208157,-7.569208157,stop,-7.569208157,-1.093941385,86.49105595,1086.491056,-0.013790127
2025-01-31,long,1.03946,1.042950681,1.035969319,2025-01-31 18:00,2025-01-31 19:00,1.043015681,1.042253996,1.042318996,1.046506362,6.966847749,-7.616847749,stop,-7.616847749,-1.09329901,78.8742082,1078.874208,-0.020703953
2025-02-03,long,1.02431,1.027950274,1.020669726,2025-02-03 14:00,2025-02-03 15:00,1.028015274,1.027223733,1.027288733,1.031655548,7.265412094,-7.915412094,stop,-7.915412094,-1.089464987,70.95879611,1070.958796,-0.027888787
2025-02-04,long,1.03069,1.034483758,1.026896242,2025-02-04 10:00,2025-02-04 11:00,1.034548758,1.033726584,1.033791584,1.038342516,7.571741489,-8.221741489,stop,-8.221741489,-1.085845509,62.73705462,1062.737055,-0.035351676
2025-02-05,long,1.0385,1.042382088,1.034617912,2025-02-05 11:00,2025-02-05 12:00,1.042447088,1.041607285,1.041672285,1.046329176,7.748034415,-8.398034415,stop,-8.398034415,-1.083892245,54.3390202,1054.33902,-0.042974587
2025-02-07,short,1.03762,1.041418137,1.033821863,2025-02-07 16:00,2025-02-07 17:00,1.033756863,1.034579911,1.034514911,1.029958726,7.580481059,-8.230481059,stop,-8.230481059,-1.085746537,46.10853915,1046.108539,-0.050445409
2025-02-11,long,1.03052,1.034188791,1.026851209,2025-02-11 16:00,2025-02-11 20:00,1.034253791,1.037857581,1.033521558,1.037922581,7.322326548,36.03790698,target,36.03790698,4.921647066,82.14644612,1082.146446,-0.017733737
2025-02-12,short,1.03589,1.039590358,1.032189642,2025-02-12 14:00,2025-02-12 15:00,1.032124642,1.032928175,1.032863175,1.028424284,7.385330221,-8.035330221,stop,-8.035330221,-1.088012314,74.1111159,1074.111116,-0.02502742
2025-02-13,short,1.0431,1.046886143,1.039313857,2025-02-13 12:00,2025-02-13 13:00,1.039248857,1.040069511,1.040004511,1.035462713,7.55654371,-8.20654371,stop,-8.20654371,-1.086018162,65.90457219,1065.904572,-0.032476515
2025-02-14,long,1.04585,1.0496794,1.0420206,2025-02-14 14:00,2025-02-14 15:00,1.0497444,1.048915112,1.048980112,1.053573799,7.642876524,-8.292876524,stop,-8.292876524,-1.085046513,57.61169567,1057.611696,-0.040003973
2025-02-19,short,1.04549,1.048971014,1.042008986,2025-02-19 11:00,2025-02-19 12:00,1.041943986,1.042703742,1.042638742,1.038462973,6.947553297,-7.597553297,stop,-7.597553297,-1.093558116,50.01414237,1050.014142,-0.046900286
2025-02-20,long,1.04249,1.045942465,1.039037535,2025-02-20 15:00,2025-02-20 16:00,1.046007465,1.045253408,1.045318408,1.049459931,6.890575632,-7.540575632,stop,-7.540575632,-1.094331742,42.47356674,1042.473567,-0.05374488
2025-02-21,short,1.04887,1.052372786,1.045367214,2025-02-21 16:00,2025-02-21 18:00,1.045302214,1.046066315,1.046001315,1.041799429,6.991006851,-7.641006851,stop,-7.641006851,-1.092976593,34.83255989,1034.83256,-0.060680636
2025-02-24,short,1.05089,1.054234152,1.047545848,2025-02-24 9:00,2025-02-24 10:00,1.047480848,1.048213288,1.048148288,1.044136695,6.674399683,-7.324399683,stop,-7.324399683,-1.097387036,27.5081602,1027.50816,-0.067329006
2025-02-25,long,1.04771,1.051068282,1.044351718,2025-02-25 16:00,2025-02-25 17:00,1.051133282,1.050398022,1.050463022,1.054491563,6.702599698,-7.352599698,stop,-7.352599698,-1.096977297,20.15556051,1020.155561,-0.074002974
2025-02-26,long,1.04943,1.052774769,1.046085231,2025-02-26 18:00,2025-02-26 19:00,1.052839769,1.052107206,1.052172206,1.056184537,6.675629714,-7.325629714,stop,-7.325629714,-1.097369091,12.82993079,1012.829931,-0.080652461
2025-02-27,short,1.0472,1.050506919,1.043893081,2025-02-27 14:00,2025-02-27 17:00,1.043828081,1.040586162,1.04448809,1.040521162,6.600088228,32.41919206,target,32.41919206,4.911933135,45.24912285,1045.249123,-0.051225503
2025-03-03,long,1.04085,1.044121998,1.037578002,2025-03-03 11:00,2025-03-03 13:00,1.044186998,1.047393996,1.043533959,1.047458996,6.530391044,32.06998013,target,32.06998013,4.910882045,77.31910298,1077.319103,-0.022115525
2025-03-04,long,1.0486,1.051985454,1.045214546,2025-03-04 9:00,2025-03-04 10:00,1.052050454,1.051309771,1.051374771,1.055435908,6.756831492,-7.406831492,stop,-7.406831492,-1.096198936,69.91227149,1069.912271,-0.028838719
2025-03-05,long,1.0632,1.066792323,1.059607677,2025-03-05 8:00,2025-03-05 9:00,1.066857323,1.066075352,1.066140352,1.070449647,7.169709918,-7.819709918,stop,-7.819709918,-1.090659177,62.09256157,1062.092562,-0.035936683
2025-03-06,long,1.08027,1.08415048,1.07638952,2025-03-06 14:00,2025-03-06 15:00,1.08421548,1.083375997,1.083440997,1.088095959,7.744824422,-8.394824422,stop,-8.394824422,-1.083927016,53.69773715,1053.697737,-0.043556681
2025-03-07,long,1.08237,1.086269058,1.078470942,2025-03-07 10:00,2025-03-07 12:00,1.086334058,1.085490867,1.085555867,1.090233115,7.781903201,-8.431903201,stop,-8.431903201,-1.083527125,45.26583395,1045.265834,-0.051210334
2025-03-11,long,1.08565,1.089461313,1.081838687,2025-03-11 8:00,2025-03-11 9:00,1.089526313,1.088700635,1.088765635,1.093337626,7.606778057,-8.256778057,stop,-8.256778057,-1.085450107,37.00905589,1037.009056,-0.058705026
2025-03-13,short,1.08744,1.091261576,1.083618424,2025-03-13 13:00,2025-03-13 14:00,1.083553424,1.08438115,1.08431615,1.079731849,7.627261196,-8.277261196,stop,-8.277261196,-1.085220629,28.73179469,1028.731795,-0.066218311
2025-03-14,long,1.08387,1.08767991,1.08006009,2025-03-14 11:00,2025-03-14 15:00,1.08774491,1.086919512,1.086984512,1.09155482,7.603978136,-8.253978136,stop,-8.253978136,-1.085481571,20.47781656,1020.477817,-0.073710462
2025-03-17,long,1.08779,1.091440108,1.084139892,2025-03-17 15:00,2025-03-17 23:00,1.091505108,1.092075,1.090776604,1.095155215,7.285038268,5.698922845,forced_close_end_of_data,5.698922845,0.782277681,26.1767394,1026.176739,-0.068537539
2025-03-19,short,1.09211,1.095692702,1.088527298,2025-03-19 8:00,2025-03-19 9:00,1.088462298,1.089242349,1.089177349,1.084879596,7.150507037,-7.800507037,stop,-7.800507037,-1.090902645,18.37623237,1018.376232,-0.075618074
2025-03-20,short,1.08936,1.09296703,1.08575297,2025-03-20 10:00,2025-03-20 14:00,1.08568797,1.08214594,1.086407876,1.08208094,7.199061685,35.42029865,target,35.42029865,4.920127122,53.79653102,1053.796531,-0.043467005
2025-03-21,short,1.08342,1.087093431,1.079746569,2025-03-21 16:00,2025-03-21 17:00,1.079681569,1.080479727,1.080414727,1.076008137,7.331588601,-7.981588601,stop,-7.981588601,-1.088657457,45.81494242,1045.814942,-0.050711907
2025-03-24,short,1.08399,1.087497948,1.080482052,2025-03-24 14:00,2025-03-24 15:00,1.080417052,1.081182183,1.081117183,1.076909103,7.001310712,-7.651310712,stop,-7.651310712,-1.092839759,38.1636317,1038.163632,-0.057657016
2025-03-25,long,1.07947,1.082986052,1.075953948,2025-03-25 13:00,2025-03-25 14:00,1.083051052,1.082284304,1.082349304,1.086567105,7.017485177,-7.667485177,stop,-7.667485177,-1.092625775,30.49614653,1030.496147,-0.064616806
2025-03-26,short,1.07871,1.082178436,1.075241564,2025-03-26 18:00,2025-03-26 19:00,1.075176564,1.075933809,1.075868809,1.071708127,6.922450918,-7.572450918,stop,-7.572450918,-1.093897379,22.92369561,1022.923696,-0.071490333
2025-03-27,long,1.07733,1.080791441,1.073868559,2025-03-27 16:00,2025-03-27 17:00,1.080856441,1.080100592,1.080165592,1.084317881,6.908488372,-7.558488372,stop,-7.558488372,-1.094087153,15.36520724,1015.365207,-0.078351187
2025-03-28,long,1.07852,1.082014237,1.075025763,2025-03-28 15:00,2025-03-28 18:00,1.082079237,1.081316842,1.081381842,1.085573473,6.973943953,-7.623943953,stop,-7.623943953,-1.093204076,7.741263285,1007.741263,-0.085271454
2025-03-31,short,1.08375,1.087145251,1.080354749,2025-03-31 13:00,2025-03-31 14:00,1.080289749,1.081032387,1.080967387,1.076894498,6.776384418,-7.426384418,stop,-7.426384418,-1.095921359,0.314878867,1000.314879,-0.092012396
2025-04-02,long,1.07928,1.082617987,1.075942013,2025-04-02 14:00,2025-04-02 15:00,1.082682987,1.081951778,1.082016778,1.086020974,6.662094937,-7.312094937,stop_same_bar,-7.312094937,-1.097566907,-6.99721607,993.0027839,-0.098649598
2025-04-03,short,1.09895,1.102467167,1.095432833,2025-04-03 8:00,2025-04-03 9:00,1.095367833,1.096134804,1.096069804,1.091850665,7.01971019,-7.66971019,stop,-7.66971019,-1.092596415,-14.66692626,985.3330737,-0.105611408
2025-04-04,short,1.10509,1.109173251,1.101006749,2025-04-04 8:00,2025-04-04 11:00,1.100941749,1.101821701,1.101756701,1.096858497,8.149524681,-8.799524681,stop_same_bar,-8.799524681,-1.079759253,-23.46645094,976.5335491,-0.113598752
2025-04-07,long,1.10027,1.104649783,1.095890217,2025-04-07 8:00,2025-04-07 9:00,1.104714783,1.103775647,1.103840647,1.109094565,8.741354024,-9.391354024,stop,-9.391354024,-1.074359189,-32.85780497,967.142195,-0.122123301
2025-04-08,short,1.09767,1.102188176,1.093151824,2025-04-08 8:00,2025-04-08 9:00,1.093086824,1.09405358,1.09398858,1.088568647,9.017566323,-9.667566323,stop,-9.667566323,-1.072081533,-42.52537129,957.4746287,-0.130898568
2025-04-09,short,1.10739,1.111930704,1.102849296,2025-04-09 8:00,2025-04-09 10:00,1.102784296,1.103755549,1.103690549,1.098243592,9.062528007,-9.712528007,stop,-9.712528007,-1.071723916,-52.2378993,947.7621007,-0.139714647
2025-04-10,long,1.0984,1.103150176,1.093649824,2025-04-10 9:00,2025-04-10 11:00,1.103215176,1.107900353,1.102267116,1.107965353,9.480601607,46.8517643,target,46.8517643,4.941855617,-5.386134996,994.613865,-0.097187217
2025-04-11,long,1.12872,1.133951041,1.123488959,2025-04-11 8:00,2025-04-11 9:00,1.134016041,1.139182082,1.132972008,1.139247082,10.44033153,51.66041108,target,51.66041108,4.948158107,46.27427609,1046.274276,-0.050294969
2025-04-14,short,1.14166,1.147080413,1.136239587,2025-04-14 13:00,2025-04-14 14:00,1.136174587,1.130819175,1.137256416,1.130754175,10.8182872,53.5541265,target,53.5541265,4.950333218,99.82840259,1099.828403,-0.001683793
2025-04-15,short,1.13322,1.138678916,1.127761084,2025-04-15 17:00,2025-04-15 20:59,1.127696084,1.128850598,1.128785598,1.122237169,10.89513284,-11.54513284,stop,-11.54513284,-1.059659667,88.28326975,1088.28327,-0.012163331
2025-04-21,long,1.15164,1.15671515,1.14656485,2025-04-21 8:00,2025-04-21 9:00,1.15678015,1.15570223,1.15576723,1.161855299,10.12919661,-10.77919661,stop,-10.77919661,-1.064170933,77.50407314,1077.504073,-0.021947627
2025-04-22,short,1.15008,1.155238092,1.144921908,2025-04-22 17:00,2025-04-22 22:00,1.144856908,1.139763816,1.145886382,1.139698816,10.29473678,50.93092073,target,50.93092073,4.947277607,128.4349939,1128.434994,0
2025-04-23,long,1.13848,1.143956185,1.133003815,2025-04-23 10:00,2025-04-23 11:00,1.144021185,1.142863225,1.142928225,1.14949737,10.92959994,-11.57959994,stop,-11.57959994,-1.059471527,116.8553939,1116.855394,-0.010261646
2025-04-28,long,1.13321,1.138341237,1.128078763,2025-04-28 15:00,2025-04-28 16:00,1.138406237,1.137317123,1.137382123,1.143537473,10.24113754,-10.89113754,stop,-10.89113754,-1.063469512,105.9642564,1105.964256,-0.019913187
2025-04-30,short,1.13901,1.143986924,1.134033076,2025-04-30 16:00,2025-04-30 17:00,1.133968076,1.135026391,1.134961391,1.128991151,9.933154631,-10.58315463,stop,-10.58315463,-1.065437419,95.38110176,1095.381102,-0.0292918
2025-05-02,long,1.13258,1.137440577,1.127719423,2025-05-02 14:00,2025-05-02 15:00,1.137505577,1.136470483,1.136535483,1.142366154,9.700944054,-10.35094405,stop,-10.35094405,-1.067003788,85.03015771,1085.030158,-0.038464631
2025-05-06,long,1.13258,1.137186494,1.127973506,2025-05-06 19:00,2025-05-06 23:00,1.137251494,1.136267111,1.136332111,1.141857988,9.193834108,-9.843834108,stop,-9.843834108,-1.070699557,75.1863236,1075.186324,-0.047188071
2025-05-07,short,1.13739,1.142009796,1.132770204,2025-05-07 19:00,2025-05-07 23:00,1.132705204,1.130205,1.133627242,1.128085408,9.220382403,25.00204234,forced_close_end_of_data,25.00204234,2.711605793,100.1883659,1100.188366,-0.025031684
2025-05-08,short,1.12823,1.132825876,1.123634124,2025-05-08 16:00,2025-05-08 17:00,1.123569124,1.124551388,1.124486388,1.118973247,9.172643283,-9.822643283,stop,-9.822643283,-1.070862889,90.36572265,1090.365723,-0.033736344
2025-05-09,long,1.12404,1.128704543,1.119375457,2025-05-09 15:00,2025-05-09 16:00,1.128769543,1.127773574,1.127838574,1.133434086,9.309691119,-9.959691119,stop,-9.959691119,-1.069819717,80.40603154,1080.406032,-0.042562454
2025-05-12,short,1.1218,1.126372112,1.117227888,2025-05-12 8:00,2025-05-12 9:00,1.117162888,1.112655777,1.11807541,1.112590777,9.125212235,45.07111547,target,45.07111547,4.939185447,125.477147,1125.477147,-0.002621194
2025-05-13,long,1.11117,1.115939191,1.106400809,2025-05-13 15:00,2025-05-13 23:00,1.116004191,1.119685,1.115052336,1.120773382,9.518551623,36.80809031,forced_close_end_of_data,36.80809031,3.866984365,162.2852373,1162.285237,0
2025-05-14,long,1.11878,1.123571193,1.113988807,2025-05-14 9:00,2025-05-14 12:00,1.123636193,1.122614947,1.122679947,1.128427386,9.562464042,-10.21246404,stop,-10.21246404,-1.067974112,152.0727733,1152.072773,-0.008786539
2025-05-15,short,1.12275,1.12754526,1.11795474,2025-05-15 12:00,2025-05-15 13:00,1.11788974,1.118911798,1.118846798,1.11309448,9.57058084,-10.22058084,stop,-10.22058084,-1.067916463,141.8521924,1141.852192,-0.017580061
2025-05-16,short,1.12122,1.125914265,1.116525735,2025-05-16 15:00,2025-05-16 20:59,1.116460735,1.116375,1.117397636,1.111766469,9.369011798,0.857347139,forced_close_end_of_data,0.857347139,0.091508812,142.7095396,1142.70954,-0.016842421
2025-05-19,long,1.12094,1.12545357,1.11642643,2025-05-19 9:00,2025-05-19 15:00,1.12551857,1.124552733,1.124617733,1.130032141,9.008373147,-9.658373147,stop,-9.658373147,-1.072155093,133.0511664,1133.051166,-0.025152235
2025-05-22,short,1.13226,1.136736758,1.127783242,2025-05-22 15:00,2025-05-22 16:00,1.127718242,1.128676732,1.128611732,1.123241484,8.934901127,-9.584901127,stop,-9.584901127,-1.072748427,123.4662653,1123.466265,-0.033398834
2025-05-23,long,1.13122,1.135687446,1.126752554,2025-05-23 11:00,2025-05-23 12:00,1.135752446,1.134795814,1.134860814,1.140219892,8.916316071,-9.566316071,stop,-9.566316071,-1.072900063,113.8999492,1113.899949,-0.041629444
2025-05-29,long,1.12714,1.131268283,1.123011717,2025-05-29 13:00,2025-05-29 14:00,1.131333283,1.135396565,1.130509343,1.135461565,8.239399843,40.6328263,target,40.6328263,4.931527426,154.5327755,1154.532776,-0.006670017
2025-06-02,long,1.14013,1.144250041,1.136009959,2025-06-02 15:00,2025-06-02 16:00,1.144315041,1.143427746,1.143492746,1.148435081,8.222950241,-8.872950241,stop,-8.872950241,-1.079047055,145.6598253,1145.659825,-0.014304072
2025-06-03,short,1.14289,1.147041893,1.138738107,2025-06-03 12:00,2025-06-03 14:00,1.138673107,1.139566759,1.139501759,1.134521214,8.286522729,-8.936522729,stop,-8.936522729,-1.078440622,136.7233026,1136.723303,-0.021992824
2025-06-04,long,1.13778,1.141942673,1.133617327,2025-06-04 15:00,2025-06-04 20:59,1.142007673,1.141111869,1.141176869,1.146170345,8.308036592,-8.958036592,stop,-8.958036592,-1.078237498,127.765266,1127.765266,-0.029700086
2025-06-05,long,1.14093,1.145069964,1.136790036,2025-06-05 14:00,2025-06-05 16:00,1.145134964,1.144243693,1.144308693,1.149274929,8.262714763,-8.912714763,stop,-8.912714763,-1.078666639,118.8525512,1118.852551,-0.037368354
2025-06-06,short,1.14353,1.147679897,1.139380103,2025-06-06 13:00,2025-06-06 14:00,1.139315103,1.140208357,1.140143357,1.135165206,8.282539024,-8.932539024,stop,-8.932539024,-1.07847835,109.9200122,1109.920012,-0.045053678
2025-06-09,short,1.14275,1.146729313,1.138770687,2025-06-09 14:00,2025-06-09 15:00,1.138705687,1.139564895,1.139499895,1.134726375,7.94207947,-8.59207947,stop,-8.59207947,-1.081842545,101.3279327,1101.327933,-0.05244608
2025-06-10,long,1.13958,1.143487091,1.135672909,2025-06-10 13:00,2025-06-10 15:00,1.143552091,1.142707297,1.142772297,1.147459181,7.797935496,-8.447935496,stop,-8.447935496,-1.083355396,92.87999721,1092.879997,-0.059714464
2025-06-11,long,1.141,1.14489163,1.13710837,2025-06-11 13:00,2025-06-11 16:00,1.14495663,1.14878326,1.144179922,1.14884826,7.767078721,38.26630068,target,38.26630068,4.926730119,131.1462979,1131.146298,-0.026791134
2025-06-12,long,1.15224,1.156185485,1.148294515,2025-06-12 10:00,2025-06-12 11:00,1.156250485,1.16013097,1.155463029,1.16019597,7.874564785,38.80485064,target,38.80485064,4.927872422,169.9511485,1169.951149,0
2025-06-13,short,1.15423,1.158289658,1.150170342,2025-06-13 11:00,2025-06-13 12:00,1.150105342,1.150980585,1.150915585,1.146045683,8.102436546,-8.752436546,stop,-8.752436546,-1.080222782,161.198712,1161.198712,-0.007481027
2025-06-16,long,1.15734,1.161354839,1.153325161,2025-06-16 15:00,2025-06-16 16:00,1.161419839,1.160553541,1.160618541,1.165434679,8.012984983,-8.662984983,stop,-8.662984983,-1.081118335,152.535727,1152.535727,-0.014885597
2025-06-17,short,1.15622,1.160252471,1.152187529,2025-06-17 15:00,2025-06-17 16:00,1.152122529,1.152992346,1.152927346,1.148090057,8.048175734,-8.698175734,stop,-8.698175734,-1.080763644,143.8375513,1143.837551,-0.022320246
2025-06-18,short,1.15106,1.155144335,1.146975665,2025-06-18 20:00,2025-06-18 20:59,1.146910665,1.147790834,1.147725834,1.14282633,8.151686947,-8.801686947,stop,-8.801686947,-1.079738096,135.0358643,1135.035864,-0.029843369
2025-06-23,short,1.1507,1.154557948,1.146842052,2025-06-23 10:00,2025-06-23 11:00,1.146777052,1.147612038,1.147547038,1.142919104,7.699854446,-8.349854446,stop,-8.349854446,-1.08441718,126.6860099,1126.68601,-0.036980295
2025-06-25,long,1.16072,1.164689676,1.156750324,2025-06-25 19:00,2025-06-25 23:00,1.164754676,1.165885,1.163962392,1.168724353,7.922846638,11.30323716,forced_close_end_of_data,11.30323716,1.426663632,137.989247,1137.989247,-0.027319005
2025-06-26,long,1.16987,1.173821327,1.165918673,2025-06-26 9:00,2025-06-26 10:00,1.173886327,1.173032705,1.173097705,1.177837654,7.886224306,-8.536224306,stop,-8.536224306,-1.082422205,129.4530227,1129.453023,-0.034615228
2025-06-30,long,1.17434,1.17810944,1.17057056,2025-06-30 20:59,2025-06-30 22:00,1.17817444,1.177357119,1.177422119,1.18194388,7.523206764,-8.173206764,stop,-8.173206764,-1.086399327,121.279816,1121.279816,-0.041601167
2025-07-01,long,1.17794,1.181721305,1.174158695,2025-07-01 9:00,2025-07-01 10:00,1.181786305,1.180966616,1.181031616,1.185567609,7.546886426,-8.196886426,stop,-8.196886426,-1.086128234,113.0829295,1113.08293,-0.048607345
2025-07-03,short,1.18024,1.183961369,1.176518631,2025-07-03 13:00,2025-07-03 14:00,1.176453631,1.177261357,1.177196357,1.172732262,7.427265,-8.077265,stop,-8.077265,-1.087515391,105.0056645,1105.005665,-0.055511278
2025-07-07,short,1.17559,1.179089318,1.172090682,2025-07-07 13:00,2025-07-07 14:00,1.172025682,1.17278909,1.17272409,1.168526363,6.984086529,-7.634086529,stop,-7.634086529,-1.093068721,97.371578,1097.371578,-0.062036411
2025-07-08,short,1.17418,1.177752548,1.170607452,2025-07-08 14:00,2025-07-08 16:00,1.170542452,1.171320476,1.171255476,1.166969903,7.130242203,-7.780242203,stop,-7.780242203,-1.091160999,89.5913358,1089.591336,-0.068686469
2025-07-09,short,1.17259,1.176182093,1.168997907,2025-07-09 12:00,2025-07-09 13:00,1.168932907,1.169714832,1.169649832,1.165340814,7.169250092,-7.819250092,stop,-7.819250092,-1.090664992,81.77208571,1081.772086,-0.075369867
2025-07-10,short,1.17332,1.176827005,1.169812995,2025-07-10 14:00,2025-07-10 22:00,1.169747995,1.170512938,1.170447938,1.16624099,6.999427588,-7.649427588,stop,-7.649427588,-1.092864737,74.12265812,1074.122658,-0.081908113
2025-07-11,long,1.16748,1.171020649,1.163939351,2025-07-11 14:00,2025-07-11 15:00,1.171085649,1.170313992,1.170378992,1.174626298,7.066576208,-7.716576208,stop,-7.716576208,-1.09198231,66.40608191,1066.406082,-0.088503752
2025-07-15,short,1.16777,1.17108262,1.16445738,2025-07-15 14:00,2025-07-15 16:00,1.16439238,1.161144761,1.165053527,1.161079761,6.611465377,32.47619631,target,32.47619631,4.912102607,98.88227823,1098.882278,-0.060745161
2025-07-16,short,1.16277,1.166157008,1.159382992,2025-07-16 13:00,2025-07-16 14:00,1.159317992,1.160058986,1.159993986,1.155930985,6.759932108,-7.409932108,stop,-7.409932108,-1.096154812,91.47234612,1091.472346,-0.0670787
2025-07-18,long,1.16204,1.165661793,1.158418207,2025-07-18 13:00,2025-07-18 14:00,1.165726793,1.16493894,1.16500394,1.169348586,7.228526727,-7.878526727,stop,-7.878526727,-1.089921505,83.59381939,1083.593819,-0.073812765
2025-07-21,long,1.16415,1.167589928,1.160710072,2025-07-21 15:00,2025-07-21 16:00,1.167654928,1.171029857,1.166968373,1.171094857,6.865553371,33.74928304,target,33.74928304,4.915741123,117.3431024,1117.343102,-0.044966019
2025-07-22,long,1.16913,1.172643723,1.165616277,2025-07-22 15:00,2025-07-22 16:00,1.172708723,1.171942439,1.172007439,1.176222446,7.012835703,-7.662835703,stop,-7.662835703,-1.092687185,109.6802667,1109.680267,-0.051515725
2025-07-25,short,1.17479,1.178271804,1.171308196,2025-07-25 12:00,2025-07-25 13:00,1.171243196,1.172003109,1.171938109,1.167761392,6.949130411,-7.599130411,stop,-7.599130411,-1.093536883,102.0811363,1102.081136,-0.05801098
2025-07-28,short,1.17214,1.175478396,1.168801604,2025-07-28 8:00,2025-07-28 12:00,1.168736604,1.165463209,1.169402895,1.165398209,6.662910196,32.73395629,target,32.73395629,4.912861697,134.8150926,1134.815093,-0.030032071
2025-07-29,long,1.15341,1.15702616,1.14979384,2025-07-29 10:00,2025-07-29 12:00,1.15709116,1.156304432,1.156369432,1.160707321,7.217284686,-7.867284686,stop,-7.867284686,-1.090061571,126.9478079,1126.947808,-0.036756527
2025-07-30,short,1.15569,1.159317993,1.152062007,2025-07-30 13:00,2025-07-30 14:00,1.151997007,1.148434014,1.152721097,1.148369014,7.240900452,35.6299283,target,35.6299283,4.920648826,162.5777362,1162.577736,-0.006302325
2025-07-31,short,1.14583,1.14968881,1.14197119,2025-07-31 14:00,2025-07-31 15:00,1.14190619,1.142741347,1.142676347,1.13804738,7.701575429,-8.351575429,stop,-8.351575429,-1.084398316,154.2261608,1154.226161,-0.013440722
2025-08-01,long,1.14292,1.146717183,1.139122817,2025-08-01 13:00,2025-08-01 14:00,1.146782183,1.150514365,1.146024325,1.150579365,7.578576658,37.32182679,target,37.32182679,4.924648583,191.5479876,1191.547988,0
2025-08-06,long,1.15787,1.161663816,1.154076184,2025-08-06 13:00,2025-08-06 19:00,1.161728816,1.165457633,1.160971631,1.165522633,7.571858134,37.28816419,target,37.28816419,4.92457248,228.8361518,1228.836152,0
2025-08-07,short,1.16762,1.171474246,1.163765754,2025-08-07 12:00,2025-08-07 13:00,1.163700754,1.164535001,1.164470001,1.159846509,7.692465227,-8.342465227,stop,-8.342465227,-1.08449827,220.4936866,1220.493687,-0.006788916
2025-08-11,short,1.16645,1.170082875,1.162817125,2025-08-11 12:00,2025-08-11 15:00,1.162752125,1.15918425,1.163477189,1.15911925,7.250644974,35.67875242,target,35.67875242,4.920769469,256.172439,1256.172439,0
2025-08-12,long,1.16088,1.164539023,1.157220977,2025-08-12 13:00,2025-08-12 14:00,1.164604023,1.16380874,1.16387374,1.168263047,7.302832725,-7.952832725,stop,-7.952832725,-1.089006557,248.2196063,1248.219606,-0.006331004
2025-08-13,long,1.16925,1.172962484,1.165537516,2025-08-13 10:00,2025-08-13 11:00,1.173027484,1.172221531,1.172286531,1.176739968,7.409531089,-8.059531089,stop,-8.059531089,-1.08772485,240.1600752,1240.160075,-0.012746947
2025-08-14,short,1.16852,1.172190198,1.164849802,2025-08-14 15:00,2025-08-14 16:00,1.164784802,1.165582316,1.165517316,1.161114605,7.325134535,-7.975134535,stop,-7.975134535,-1.088735572,232.1849406,1232.184941,-0.019095705
2025-08-15,long,1.16718,1.17086967,1.16349033,2025-08-15 15:00,2025-08-15 17:00,1.17093467,1.17013327,1.17019827,1.174624339,7.363997808,-8.013997808,stop,-8.013997808,-1.088267272,224.1709428,1224.170943,-0.025475401
2025-08-18,short,1.16963,1.173145232,1.166114768,2025-08-18 15:00,2025-08-18 16:00,1.166049768,1.166816353,1.166751353,1.162534536,7.015848022,-7.665848022,stop,-7.665848022,-1.092647389,216.5050948,1216.505095,-0.031577945
2025-08-20,long,1.16336,1.166795303,1.159924697,2025-08-20 13:00,2025-08-20 14:00,1.166860303,1.166109671,1.166174671,1.170295607,6.856322839,-7.506322839,stop,-7.506322839,-1.094803004,208.998772,1208.998772,-0.037553496
2025-08-22,long,1.15886,1.162226186,1.155493814,2025-08-22 15:00,2025-08-22 16:00,1.162291186,1.165592372,1.161619348,1.165657372,6.718375363,33.01185989,target,33.01185989,4.913667086,242.0106319,1242.010632,-0.011273776
2025-08-25,short,1.17146,1.174904464,1.168015536,2025-08-25 16:00,2025-08-25 18:00,1.167950536,1.164571072,1.168637997,1.164506072,6.874605765,33.7946393,target,33.7946393,4.91586579,275.8052712,1275.805271,0
2025-08-26,long,1.16225,1.165804828,1.158695172,2025-08-26 12:00,2025-08-26 13:00,1.165869828,1.165095341,1.165160341,1.169424656,7.094875477,-7.744875477,stop,-7.744875477,-1.09161542,268.0603957,1268.060396,-0.006070578
2025-08-27,short,1.16208,1.165608602,1.158551398,2025-08-27 9:00,2025-08-27 10:00,1.158486398,1.159255651,1.159190651,1.154957796,7.042531703,-7.692531703,stop,-7.692531703,-1.092296354,260.367864,1260.367864,-0.012100128
2025-08-28,long,1.16429,1.167810281,1.160769719,2025-08-28 13:00,2025-08-28 14:00,1.167875281,1.167107689,1.167172689,1.171395562,7.025925118,-7.675925118,stop,-7.675925118,-1.092514507,252.6919389,1252.691939,-0.018116662
2025-09-02,short,1.1703,1.173559848,1.167040152,2025-09-02 8:00,2025-09-02 9:00,1.166975152,1.163780305,1.167625766,1.163715305,6.50614088,31.9484767,target,31.9484767,4.910511053,284.6404156,1284.640416,0
2025-09-03,long,1.16334,1.166690583,1.159989417,2025-09-03 15:00,2025-09-03 18:00,1.166755583,1.166021859,1.166086859,1.170106166,6.687233836,-7.337233836,stop,-7.337233836,-1.09720013,277.3031817,1277.303182,-0.005711508
2025-09-05,long,1.16691,1.17019821,1.16362179,2025-09-05 13:00,2025-09-05 14:00,1.17026321,1.173486421,1.169606936,1.173551421,6.562748537,32.23210465,target,32.23210465,4.911372799,309.5352864,1309.535286,0
2025-09-08,long,1.1727,1.175964495,1.169435505,2025-09-08 19:00,2025-09-08 23:00,1.176029495,1.176165,1.175377954,1.17929399,6.515416555,1.355048303,forced_close_end_of_data,1.355048303,0.207975698,310.8903347,1310.890335,0
2025-09-09,short,1.17648,1.179727494,1.173232506,2025-09-09 13:00,2025-09-09 14:00,1.173167506,1.173880654,1.173815654,1.169920011,6.481485727,-7.131485727,stop,-7.131485727,-1.100285649,303.7588489,1303.758849,-0.005440185
2025-09-10,long,1.16969,1.172958381,1.166421619,2025-09-10 15:00,2025-09-10 16:00,1.173023381,1.172306064,1.172371064,1.176291761,6.523171441,-7.173171441,stop,-7.173171441,-1.099644783,296.5856775,1296.585678,-0.010912169
2025-09-11,long,1.16911,1.17232968,1.16589032,2025-09-11 14:00,2025-09-11 23:00,1.17239468,1.173825,1.171752083,1.17561436,6.425972869,14.30319844,forced_close_end_of_data,14.30319844,2.22584171,310.8888759,1310.888876,-1.11E-06
2025-09-12,short,1.17396,1.177221197,1.170698803,2025-09-12 13:00,2025-09-12 14:00,1.170633803,1.171349686,1.171284686,1.167372606,6.508834225,-7.158834225,stop,-7.158834225,-1.099864273,303.7300417,1303.730042,-0.00546216
2025-09-15,long,1.17251,1.175579926,1.169440074,2025-09-15 11:00,2025-09-15 23:00,1.175644926,1.176225,1.175032217,1.178714852,6.127086888,5.800741737,forced_close_end_of_data,5.800741737,0.946737306,309.5307835,1309.530783,-0.00103712
2025-09-16,long,1.17874,1.18179616,1.17568384,2025-09-16 10:00,2025-09-16 11:00,1.18186116,1.181186199,1.181251199,1.18491732,6.099612544,-6.749612544,stop,-6.749612544,-1.106564146,302.7811709,1302.781171,-0.006185997
2025-09-18,long,1.17943,1.182730644,1.176129356,2025-09-18 8:00,2025-09-18 9:00,1.182795644,1.182071888,1.182136888,1.186096288,6.587564321,-7.237564321,stop,-7.237564321,-1.098670763,295.5436066,1295.543607,-0.011707103
2025-09-19,short,1.17667,1.180041542,1.173298458,2025-09-19 13:00,2025-09-19 14:00,1.173233458,1.173971364,1.173906364,1.169861915,6.729066105,-7.379066105,stop,-7.379066105,-1.096595871,288.1645405,1288.16454,-0.017336152
2025-09-22,long,1.17433,1.177544101,1.171115899,2025-09-22 10:00,2025-09-22 12:00,1.177609101,1.176902617,1.176967617,1.180823202,6.41483816,-7.06483816,stop,-7.06483816,-1.101327576,281.0997023,1281.099702,-0.022725495
2025-09-24,short,1.17874,1.181922689,1.175557311,2025-09-24 11:00,2025-09-24 23:00,1.175492311,1.174535,1.176127526,1.172309623,6.352143439,9.573114644,forced_close_end_of_data,9.573114644,1.507068399,290.672817,1290.672817,-0.015422738
2025-09-25,short,1.17459,1.17782808,1.17135192,2025-09-25 13:00,2025-09-25 15:00,1.17128692,1.16811384,1.17193319,1.16804884,6.462696267,31.73080109,target,31.73080109,4.90983945,322.4036181,1322.403618,0
2025-09-29,long,1.17199,1.175131927,1.168848073,2025-09-29 14:00,2025-09-29 15:00,1.175196927,1.174504848,1.174569848,1.178338854,6.270789412,-6.920789412,stop,-6.920789412,-1.103655211,315.4828286,1315.482829,-0.005233492
2025-10-01,short,1.17679,1.179859535,1.173720465,2025-10-01 10:00,2025-10-01 13:00,1.173655465,1.174333095,1.174268095,1.170585929,6.126307444,-6.776307444,stop,-6.776307444,-1.106099801,308.7065212,1308.706521,-0.010357728
2025-10-02,short,1.17427,1.177337814,1.171202186,2025-10-02 15:00,2025-10-02 18:00,1.171137186,1.171814473,1.171749473,1.168069372,6.122872072,-6.772872072,stop,-6.772872072,-1.106159331,301.9336491,1301.933649,-0.015479365
2025-10-03,long,1.17203,1.17512552,1.16893448,2025-10-03 15:00,2025-10-03 16:00,1.17519052,1.174507703,1.174572703,1.17828604,6.178168469,-6.828168469,stop,-6.828168469,-1.105209174,295.1054807,1295.105481,-0.020642818
2025-10-06,short,1.16937,1.172326525,1.166413475,2025-10-06 8:00,2025-10-06 9:00,1.166348475,1.167003551,1.166938551,1.16339195,5.900757043,-6.550757043,stop,-6.550757043,-1.110155357,288.5547236,1288.554724,-0.025596493
2025-10-07,short,1.16869,1.171688694,1.165691306,2025-10-07 12:00,2025-10-07 13:00,1.165626306,1.166289798,1.166224798,1.162627612,5.984919191,-6.634919191,stop,-6.634919191,-1.108606312,281.9198044,1281.919804,-0.03061381
2025-10-09,short,1.16157,1.164574722,1.158565278,2025-10-09 15:00,2025-10-09 16:00,1.158500278,1.155560557,1.159099973,1.155495557,5.99694957,29.39721607,target,29.39721607,4.902028228,311.3170205,1311.317021,-0.008383672
2025-10-10,long,1.15706,1.160170137,1.153949863,2025-10-10 16:00,2025-10-10 20:59,1.160235137,1.162235,1.159614403,1.163345274,6.207342091,19.99862973,forced_close_end_of_data,19.99862973,3.221770194,331.3156502,1331.31565,0
2025-10-13,short,1.16141,1.164458445,1.158361555,2025-10-13 9:00,2025-10-13 10:00,1.158296555,1.158969977,1.158904977,1.15524811,6.084214237,-6.734214237,stop,-6.734214237,-1.106833845,324.581436,1324.581436,-0.005058315
2025-10-14,long,1.157,1.160070145,1.153929855,2025-10-14 16:00,2025-10-14 23:00,1.160135145,1.160305,1.159522392,1.163205289,6.127523525,1.698554003,forced_close_end_of_data,1.698554003,0.277200731,326.27999,1326.27999,-0.003782469
2025-10-16,long,1.16539,1.168448155,1.162331845,2025-10-16 18:00,2025-10-16 23:00,1.168513155,1.169385,1.167902796,1.17157131,6.103593982,8.718450988,forced_close_end_of_data,8.718450988,1.428412672,334.998441,1334.998441,0
2025-10-17,short,1.17109,1.174121991,1.168058009,2025-10-17 12:00,2025-10-17 13:00,1.167993009,1.168663147,1.168598147,1.164961019,6.051374283,-6.701374283,stop,-6.701374283,-1.107413617,328.2970667,1328.297067,-0.005019762
2025-10-21,short,1.16319,1.166083275,1.160296725,2025-10-21 13:00,2025-10-21 14:00,1.160231725,1.160874177,1.160809177,1.15733845,5.774519826,-6.424519826,stop,-6.424519826,-1.112563472,321.8725469,1321.872547,-0.009832142
2025-10-22,short,1.16094,1.163826658,1.158053342,2025-10-22 13:00,2025-10-22 14:00,1.157988342,1.158629473,1.158564473,1.155101683,5.761313834,-6.411313834,stop,-6.411313834,-1.112821488,315.461233,1315.461233,-0.01463463
2025-10-24,long,1.16141,1.16421106,1.15860894,2025-10-24 13:00,2025-10-24 14:00,1.16427606,1.163652013,1.163717013,1.167077121,5.590473735,-6.240473735,stop,-6.240473735,-1.116269216,309.2207593,1309.220759,-0.019309147
2025-10-28,short,1.16559,1.168201677,1.162978323,2025-10-28 14:00,2025-10-28 15:00,1.162913323,1.163499573,1.163434573,1.160301647,5.212494019,-5.862494019,stop,-5.862494019,-1.124700383,303.3582653,1303.358265,-0.023700534
2025-10-29,long,1.16297,1.16555547,1.16038453,2025-10-29 16:00,2025-10-29 18:00,1.16562047,1.165039451,1.165104451,1.16820594,5.160189318,-5.810189318,stop,-5.810189318,-1.125964371,297.548076,1297.548076,-0.028052741
2025-10-30,short,1.16197,1.164638317,1.159301683,2025-10-30 13:00,2025-10-30 14:00,1.159236683,1.156633365,1.159769237,1.156568365,5.325539852,26.03317363,target,26.03317363,4.888363313,323.5812496,1323.58125,-0.008552213
2025-10-31,short,1.15615,1.158902073,1.153397927,2025-10-31 14:00,2025-10-31 15:00,1.153332927,1.153947197,1.153882197,1.150580854,5.492702859,-6.142702859,stop,-6.142702859,-1.118338825,317.4385467,1317.438547,-0.013153494
2025-11-03,short,1.15381,1.156436134,1.151183866,2025-11-03 9:00,2025-11-03 10:00,1.151118866,1.151708001,1.151643001,1.148492732,5.241348331,-5.891348331,stop,-5.891348331,-1.124013891,311.5471984,1311.547198,-0.017566494
2025-11-04,short,1.15235,1.154931648,1.149768352,2025-11-04 12:00,2025-11-04 23:00,1.149703352,1.148465,1.150218608,1.147121705,5.152560914,12.38352292,forced_close_end_of_data,12.38352292,2.403372445,323.9307213,1323.930721,-0.008290436
2025-11-06,long,1.15071,1.15324839,1.14817161,2025-11-06 13:00,2025-11-06 15:00,1.15331339,1.152741768,1.152806768,1.155851781,5.066226225,-5.716226225,stop,-5.716226225,-1.128300627,318.2144951,1318.214495,-0.012572259
2025-11-07,long,1.15312,1.155678176,1.150561824,2025-11-07 12:00,2025-11-07 16:00,1.155743176,1.158236352,1.155232604,1.158301352,5.105714914,24.9317591,target,24.9317591,4.883108344,343.1462542,1343.146254,0
2025-11-10,long,1.15539,1.157859227,1.152920773,2025-11-10 9:00,2025-11-10 10:00,1.157924227,1.157366409,1.157431409,1.160393455,4.92818771,-5.57818771,stop,-5.57818771,-1.131894327,337.5680665,1337.568066,-0.004153075
2025-11-11,long,1.15523,1.157676536,1.152783464,2025-11-11 12:00,2025-11-11 13:00,1.157741536,1.157188246,1.157253246,1.160188071,4.882898324,-5.532898324,stop,-5.532898324,-1.13311766,332.0351682,1332.035168,-0.008272432
2025-11-13,long,1.15856,1.16098511,1.15613489,2025-11-13 8:00,2025-11-13 10:00,1.16105011,1.163410219,1.160566096,1.163475219,4.840135738,23.60109677,target,23.60109677,4.876122912,355.6362649,1355.636265,0
2025-11-14,short,1.16378,1.166269039,1.161290961,2025-11-14 11:00,2025-11-14 12:00,1.161225961,1.161787734,1.161722734,1.158736922,4.967728951,-5.617728951,stop,-5.617728951,-1.130844498,350.018536,1350.018536,-0.00414398
2025-11-17,short,1.16075,1.163120528,1.158379472,2025-11-17 15:00,2025-11-17 16:00,1.158314472,1.158852592,1.158787592,1.155943944,4.731199378,-5.381199378,stop,-5.381199378,-1.137385882,344.6373366,1344.637337,-0.00811348
2025-11-19,short,1.1587,1.161023576,1.156376424,2025-11-19 15:00,2025-11-19 17:00,1.156311424,1.154052847,1.156775173,1.153987847,4.637491439,22.5857644,target,22.5857644,4.870254683,367.223101,1367.223101,0
2025-11-20,long,1.15199,1.154388114,1.149591886,2025-11-20 15:00,2025-11-20 16:00,1.154453114,1.153909488,1.153974488,1.156851228,4.786256867,-5.436256867,stop,-5.436256867,-1.135805499,361.7868441,1361.786844,-0.00397613
2025-11-21,short,1.15415,1.156542205,1.151757795,2025-11-21 11:00,2025-11-21 12:00,1.151692795,1.152235241,1.152170241,1.149300589,4.774464023,-5.424464023,stop,-5.424464023,-1.136140936,356.3623801,1356.36238,-0.007943635
2025-11-24,long,1.15211,1.154443929,1.149776071,2025-11-24 12:00,2025-11-24 13:00,1.154508929,1.153978114,1.154043114,1.156842858,4.658153781,-5.308153781,stop,-5.308153781,-1.139540262,351.0542263,1351.054226,-0.011826069
2025-11-25,long,1.15187,1.154203635,1.149536365,2025-11-25 13:00,2025-11-25 15:00,1.154268635,1.156537269,1.153802878,1.156602269,4.657566092,22.68634677,target,22.68634677,4.870858797,373.7405731,1373.740573,0
2025-11-26,short,1.15864,1.161035404,1.156244596,2025-11-26 14:00,2025-11-26 15:00,1.156179596,1.156722681,1.156657681,1.153784192,4.780847787,-5.430847787,stop,-5.430847787,-1.13595915,368.3097253,1368.309725,-0.003953329
2025-11-28,short,1.15834,1.160713276,1.155966724,2025-11-28 11:00,2025-11-28 12:00,1.155901724,1.156440393,1.156375393,1.153528449,4.736683128,-5.386683128,stop,-5.386683128,-1.137226828,362.9230422,1362.923042,-0.007874508
2025-12-01,long,1.15964,1.161916802,1.157363198,2025-12-01 9:00,2025-12-01 10:00,1.161981802,1.161462388,1.161527388,1.164258603,4.544136523,-5.194136523,stop,-5.194136523,-1.143041477,357.7289057,1357.728906,-0.011655525
2025-12-03,long,1.1643,1.166585128,1.162014872,2025-12-03 12:00,2025-12-03 15:00,1.166650128,1.166129053,1.166194053,1.168935257,4.560755212,-5.210755212,stop,-5.210755212,-1.142520256,352.5181505,1352.51815,-0.015448639
2025-12-04,long,1.16582,1.168120261,1.163519739,2025-12-04 9:00,2025-12-04 10:00,1.168185261,1.167661165,1.167726165,1.170485522,4.590957452,-5.240957452,stop,-5.240957452,-1.141582667,347.277193,1347.277193,-0.019263739
2025-12-05,short,1.16594,1.168224815,1.163655185,2025-12-05 17:00,2025-12-05 18:00,1.163590185,1.164111198,1.164046198,1.16130537,4.560129579,-5.210129579,stop,-5.210129579,-1.142539809,342.0670634,1342.067063,-0.023056398
2025-12-08,short,1.16608,1.168259217,1.163900783,2025-12-08 15:00,2025-12-08 23:00,1.163835783,1.163705,1.16427072,1.161656566,4.349372945,1.307829307,forced_close_end_of_data,1.307829307,0.300693761,343.3748927,1343.374893,-0.022104378
2025-12-09,short,1.16439,1.166593493,1.162186507,2025-12-09 16:00,2025-12-09 17:00,1.162121507,1.162626289,1.162561289,1.159918014,4.397824298,-5.047824298,stop,-5.047824298,-1.147800357,338.3270684,1338.327068,-0.025778888
2025-12-10,long,1.16353,1.16572481,1.16133519,2025-12-10 9:00,2025-12-10 10:00,1.16578981,1.16528676,1.16535176,1.167984619,4.380493083,-5.030493083,stop,-5.030493083,-1.148385122,333.2965754,1333.296575,-0.029440783
2025-12-11,long,1.1689,1.171172419,1.166627581,2025-12-11 12:00,2025-12-11 14:00,1.171237419,1.173444837,1.17078388,1.173509837,4.535388429,22.07418577,target,22.07418577,4.867099284,355.3707611,1355.370761,-0.013372111
2025-12-15,long,1.17353,1.175735532,1.171324468,2025-12-15 13:00,2025-12-15 14:00,1.175800532,1.175295343,1.175360343,1.178006064,4.401893454,-5.051893454,stop,-5.051893454,-1.147663729,350.3188677,1350.318868,-0.017049584
2025-12-16,long,1.17528,1.177477227,1.173082773,2025-12-16 13:00,2025-12-16 14:00,1.177542227,1.177038696,1.177103696,1.179739455,4.385318781,-5.035318781,stop,-5.035318781,-1.148221836,345.2835489,1345.283549,-0.020714991
2025-12-17,long,1.17098,1.173233071,1.168726929,2025-12-17 14:00,2025-12-17 15:00,1.173298071,1.172783393,1.172848393,1.175551141,4.496772842,-5.146772842,stop,-5.146772842,-1.144548107,340.1367761,1340.136776,-0.024461531
2025-12-18,short,1.17443,1.176702692,1.172157308,2025-12-18 10:00,2025-12-18 11:00,1.172092308,1.172610901,1.172545901,1.169819616,4.5359342,-5.1859342,stop,-5.1859342,-1.143300139,334.9508419,1334.950842,-0.028236577
2025-12-22,long,1.17158,1.173743016,1.169416984,2025-12-22 9:00,2025-12-22 10:00,1.173808016,1.173311312,1.173376312,1.175971032,4.317037785,-4.967037785,stop,-4.967037785,-1.150566206,329.9838041,1329.983804,-0.03185228
2025-12-23,long,1.17713,1.179336621,1.174923379,2025-12-23 11:00,2025-12-23 13:00,1.179401621,1.178896214,1.178961214,1.181608241,4.404065896,-5.054065896,stop,-5.054065896,-1.147590889,324.9297382,1324.929738,-0.035531334
2025-12-24,short,1.17998,1.182179464,1.177780536,2025-12-24 15:00,2025-12-24 16:00,1.177715536,1.178219514,1.178154514,1.175516072,4.389782601,-5.039782601,stop,-5.039782601,-1.148071114,319.8899556,1319.889956,-0.039199991
2025-12-29,short,1.17696,1.178950308,1.174969692,2025-12-29 18:00,2025-12-29 19:00,1.174904692,1.175366926,1.175301926,1.172914383,3.972341045,-4.622341045,stop,-4.622341045,-1.163631469,315.2676145,1315.267615,-0.042564775
2025-12-30,short,1.17786,1.179846031,1.175873969,2025-12-30 14:00,2025-12-30 15:00,1.175808969,1.176270349,1.176205349,1.173822938,3.963803992,-4.613803992,stop,-4.613803992,-1.163983891,310.6538105,1310.653811,-0.045923345
2025-12-31,long,1.17376,1.175734512,1.171785488,2025-12-31 13:00,2025-12-31 14:00,1.175799512,1.175340431,1.175405431,1.177774024,3.940813793,-4.590813793,stop,-4.590813793,-1.164940551,306.0629967,1306.062997,-0.04926518
2026-01-02,short,1.17439,1.176290443,1.172489557,2026-01-02 9:00,2026-01-02 10:00,1.172424557,1.172868855,1.172803855,1.170524114,3.792984448,-4.442984448,stop,-4.442984448,-1.171369013,301.6200123,1301.620012,-0.052499404
2026-01-05,short,1.1691,1.170967892,1.167232108,2026-01-05 13:00,2026-01-05 15:00,1.167167108,1.16760491,1.16753991,1.165299217,3.728016464,-4.378016464,stop,-4.378016464,-1.174355453,297.2419958,1297.241996,-0.055686335
2026-01-06,short,1.17361,1.175552126,1.171667874,2026-01-06 10:00,2026-01-06 16:00,1.171602874,1.169725749,1.171990492,1.169660749,3.876175641,18.77125503,target,18.77125503,4.842725607,316.0132509,1316.013251,-0.042021997
2026-01-07,short,1.16976,1.171746914,1.167773086,2026-01-07 9:00,2026-01-07 10:00,1.167708086,1.168169642,1.168104642,1.165721172,3.965566859,-4.615566859,stop,-4.615566859,-1.163910993,311.397684,1311.397684,-0.04538185
2026-01-08,short,1.16816,1.170118997,1.166201003,2026-01-08 14:00,2026-01-08 15:00,1.166136003,1.166591988,1.166526988,1.164177006,3.909848516,-4.559848516,stop,-4.559848516,-1.16624685,306.8378355,1306.837835,-0.048701144
2026-01-09,short,1.16491,1.166868209,1.162951791,2026-01-09 14:00,2026-01-09 15:00,1.162886791,1.163342618,1.163277618,1.160928582,3.90827609,-4.55827609,stop,-4.55827609,-1.166313737,302.2795594,1302.279559,-0.052019293
2026-01-12,long,1.16699,1.168867192,1.165112808,2026-01-12 9:00,2026-01-12 10:00,1.168932192,1.168492534,1.168557534,1.170809385,3.746579171,-4.396579171,stop,-4.396579171,-1.173491596,297.8829802,1297.88298,-0.055219737
2026-01-13,short,1.16588,1.167847796,1.163912204,2026-01-13 17:00,2026-01-13 18:00,1.163847204,1.164304945,1.164239945,1.161879408,3.927410213,-4.577410213,stop,-4.577410213,-1.165503465,293.30557,1293.30557,-0.058551814
2026-01-15,short,1.16331,1.165246482,1.161373518,2026-01-15 14:00,2026-01-15 15:00,1.161308518,1.159437036,1.161695009,1.159372036,3.864911717,18.71481808,target,18.71481808,4.842236887,312.0203881,1312.020388,-0.044928559
2026-01-16,short,1.16095,1.162920249,1.158979751,2026-01-16 16:00,2026-01-16 17:00,1.158914751,1.159372981,1.159307981,1.156944502,3.932306131,-4.582306131,stop,-4.582306131,-1.165297405,307.438082,1307.438082,-0.048264201
2026-01-19,long,1.1628,1.164723556,1.160876444,2026-01-19 17:00,2026-01-19 18:00,1.164788556,1.164339645,1.164404645,1.166712112,3.839114283,-4.489114283,stop,-4.489114283,-1.169309886,302.9489677,1302.948968,-0.051532005
2026-01-20,long,1.16686,1.168857412,1.164862588,2026-01-20 8:00,2026-01-20 9:00,1.168922412,1.170854824,1.16852376,1.170919824,3.986518569,19.32411908,target,19.32411908,4.847367131,322.2730868,1322.273087,-0.037465215
2026-01-21,short,1.17243,1.174654621,1.170205379,2026-01-21 10:00,2026-01-21 11:00,1.170140379,1.170649378,1.170584378,1.167915757,4.439992641,-5.089992641,stop,-5.089992641,-1.146396639,317.1830941,1317.183094,-0.041170422
2026-01-22,long,1.16886,1.171133563,1.166586437,2026-01-22 14:00,2026-01-22 17:00,1.171198563,1.173407126,1.170744796,1.173472126,4.537673009,22.08563247,target,22.08563247,4.86717144,339.2687266,1339.268727,-0.025093418
2026-01-23,long,1.17421,1.176581525,1.171838475,2026-01-23 17:00,2026-01-23 18:00,1.176646525,1.17895305,1.176173206,1.17901805,4.733189358,23.06525085,target,23.06525085,4.873088546,362.3339774,1362.333977,-0.008303311
2026-01-26,long,1.18517,1.187705744,1.182634256,2026-01-26 15:00,2026-01-26 16:00,1.187770744,1.187199649,1.187264649,1.190306487,5.060943396,-5.710943396,stop,-5.710943396,-1.128434552,356.623034,1356.623034,-0.012460533
2026-01-27,long,1.18719,1.189771395,1.184608605,2026-01-27 13:00,2026-01-27 14:00,1.189836395,1.19235279,1.189321189,1.19241779,5.152056226,25.16394838,target,25.16394838,4.884253447,381.7869824,1381.786982,0
2026-01-28,long,1.19952,1.202529564,1.196510436,2026-01-28 8:00,2026-01-28 9:00,1.202594564,1.201928902,1.201993902,1.205604127,6.006613415,-6.656613415,stop,-6.656613415,-1.108214056,375.130369,1375.130369,-0.004817395
2026-01-29,short,1.19852,1.201739114,1.195300886,2026-01-29 10:00,2026-01-29 13:00,1.195235886,1.19594337,1.19587837,1.192016772,6.424842744,-7.074842744,stop,-7.074842744,-1.101169791,368.0555263,1368.055526,-0.009937462
2026-01-30,long,1.19192,1.195195089,1.188644911,2026-01-30 13:00,2026-01-30 14:00,1.195260089,1.194541433,1.194606433,1.198535178,6.536560607,-7.186560607,stop,-7.186560607,-1.099440675,360.8689657,1360.868966,-0.01513838
2026-02-02,short,1.18539,1.188643904,1.182136096,2026-02-02 14:00,2026-02-02 15:00,1.182071096,1.182785524,1.182720524,1.178817192,6.494277948,-7.144277948,stop,-7.144277948,-1.100088109,353.7246877,1353.724688,-0.020308698
2026-02-03,short,1.18138,1.184709063,1.178050937,2026-02-03 15:00,2026-02-03 16:00,1.177985937,1.178715365,1.178650365,1.174656874,6.64428405,-7.29428405,stop,-7.29428405,-1.097828448,346.4304037,1346.430404,-0.025587576
2026-02-04,short,1.18297,1.186249974,1.179690026,2026-02-04 16:00,2026-02-04 17:00,1.179625026,1.180344657,1.180279657,1.176345052,6.546309848,-7.196309848,stop,-7.196309848,-1.099292581,339.2340938,1339.234094,-0.030795549
2026-02-09,long,1.18518,1.188197786,1.182162214,2026-02-09 13:00,2026-02-09 15:00,1.188262786,1.191215573,1.187660484,1.191280573,6.023024645,29.52786307,target,29.52786307,4.902497467,368.7619569,1368.761957,-0.009426218
2026-02-11,short,1.19153,1.194620471,1.188439529,2026-02-11 14:00,2026-02-11 15:00,1.188374529,1.185349058,1.188991338,1.185284058,6.168091743,30.25470967,target,30.25470967,4.905035614,399.0166666,1399.016667,0
2026-02-17,short,1.1844,1.187216866,1.181583134,2026-02-17 16:00,2026-02-17 17:00,1.181518134,1.182145336,1.182080336,1.178701268,5.622018976,-6.272018976,stop,-6.272018976,-1.115616828,392.7446476,1392.744648,-0.004483162
2026-02-18,short,1.18449,1.187293728,1.181686272,2026-02-18 15:00,2026-02-18 16:00,1.181621272,1.182245852,1.182180852,1.178817544,5.595798027,-6.245798027,stop,-6.245798027,-1.116158588,386.4988495,1386.49885,-0.008947582
2026-02-19,short,1.17984,1.182687043,1.176992957,2026-02-19 13:00,2026-02-19 16:00,1.176927957,1.177561182,1.177496182,1.174080914,5.682248126,-6.332248126,stop,-6.332248126,-1.114391344,380.1666014,1380.166601,-0.013473796
2026-02-20,long,1.17552,1.178382218,1.172657782,2026-02-20 16:00,2026-02-20 17:00,1.178447218,1.177810965,1.177875965,1.181309437,5.71253572,-6.36253572,stop,-6.36253572,-1.113784847,373.8040657,1373.804066,-0.018021659
2026-02-23,short,1.18245,1.185221933,1.179678067,2026-02-23 11:00,2026-02-23 15:00,1.179613067,1.180231301,1.180166301,1.176841135,5.532339487,-6.182339487,stop,-6.182339487,-1.117490982,367.6217262,1367.621726,-0.022440719
2026-02-25,short,1.18053,1.183242564,1.177817436,2026-02-25 12:00,2026-02-25 13:00,1.177752436,1.178358821,1.178293821,1.175039873,5.413848387,-6.063848387,stop,-6.063848387,-1.120062468,361.5578778,1361.557878,-0.026775084
2026-02-26,short,1.18189,1.184571312,1.179208688,2026-02-26 16:00,2026-02-26 17:00,1.179143688,1.179743835,1.179678835,1.176462375,5.351475968,-6.001475968,stop,-6.001475968,-1.121461818,355.5564019,1355.556402,-0.031064866
2026-03-02,short,1.17324,1.17588939,1.17059061,2026-03-02 8:00,2026-03-02 9:00,1.17052561,1.171119387,1.171054387,1.167876221,5.287762908,-5.937762908,stop,-5.937762908,-1.12292533,349.618639,1349.618639,-0.035309106
2026-03-03,short,1.16693,1.169745621,1.164114379,2026-03-03 9:00,2026-03-03 10:00,1.164049379,1.161298758,1.164611332,1.161233758,5.619534762,27.50621063,target,27.50621063,4.894748728,377.1248496,1377.12485,-0.015648003
2026-03-04,long,1.16108,1.164177639,1.157982361,2026-03-04 11:00,2026-03-04 12:00,1.164242639,1.163559399,1.163624399,1.167340278,6.182398024,-6.832398024,stop,-6.832398024,-1.105137197,370.2924516,1370.292452,-0.020531718
2026-03-05,long,1.16075,1.163885398,1.157614602,2026-03-05 10:00,2026-03-05 11:00,1.163950398,1.163259622,1.163324622,1.167085795,6.257758123,-6.907758123,stop,-6.907758123,-1.103871065,363.3846934,1363.384693,-0.025469299
2026-03-06,short,1.16118,1.16437147,1.15798853,2026-03-06 10:00,2026-03-06 14:00,1.15792353,1.158625497,1.158560497,1.15473206,6.369670217,-7.019670217,stop,-7.019670217,-1.102046099,356.3650232,1356.365023,-0.030486873
2026-03-09,long,1.15453,1.157788668,1.151271332,2026-03-09 14:00,2026-03-09 15:00,1.157853668,1.15713829,1.15720329,1.161112337,6.503787371,-7.153787371,stop,-7.153787371,-1.099941767,349.2112359,1349.211236,-0.035600313
2026-03-10,long,1.16326,1.166692676,1.159827324,2026-03-10 18:00,2026-03-10 19:00,1.166757676,1.166007568,1.166072568,1.170190351,6.851078002,-7.501078002,stop,-7.501078002,-1.09487558,341.7101578,1341.710158,-0.040961991
2026-03-11,short,1.16336,1.166777367,1.159942633,2026-03-11 10:00,2026-03-11 11:00,1.159877633,1.160624686,1.160559686,1.156460266,6.820524102,-7.470524102,stop,-7.470524102,-1.095300594,334.2396337,1334.239634,-0.046301831
2026-03-12,short,1.15479,1.158267138,1.151312862,2026-03-12 16:00,2026-03-12 17:00,1.151247862,1.152006844,1.151941844,1.147770724,6.939817897,-7.589817897,stop,-7.589817897,-1.0936624,326.6498159,1326.649816,-0.05172694
2026-03-13,short,1.14828,1.151720366,1.144839634,2026-03-13 9:00,2026-03-13 10:00,1.144774634,1.145526277,1.145461277,1.141334268,6.866427002,-7.516427002,stop,-7.516427002,-1.094663498,319.1333888,1319.133389,-0.05709959
2026-03-16,long,1.14317,1.146613915,1.139726085,2026-03-16 11:00,2026-03-16 14:00,1.146678915,1.15005783,1.145991564,1.15012283,6.873510369,33.78915091,target,33.78915091,4.915850722,352.9225398,1352.92254,-0.032947518
2026-03-17,long,1.14816,1.151699155,1.144620845,2026-03-17 9:00,2026-03-17 10:00,1.151764155,1.150992796,1.151057796,1.155303311,7.063594851,-7.713594851,stop,-7.713594851,-1.092021133,345.2089449,1345.208945,-0.038461101
2026-03-18,short,1.15423,1.15780023,1.15065977,2026-03-18 13:00,2026-03-18 14:00,1.15059477,1.151372331,1.151307331,1.14702454,7.125615108,-7.775615108,stop,-7.775615108,-1.091220195,337.4333298,1337.43333,-0.044019016
2026-03-19,long,1.14654,1.150189054,1.142890946,2026-03-19 14:00,2026-03-19 18:00,1.150254054,1.153838107,1.14952576,1.153903107,7.282934353,35.84053566,target,35.84053566,4.921166926,373.2738655,1373.273865,-0.018400639
2026-03-23,short,1.15306,1.156787245,1.149332755,2026-03-23 10:00,2026-03-23 11:00,1.149267755,1.150076654,1.150011654,1.14554051,7.438991841,-8.088991841,stop,-8.088991841,-1.087377431,365.1848736,1365.184874,-0.024182552
2026-03-25,short,1.15964,1.163528958,1.155751042,2026-03-25 17:00,2026-03-25 18:00,1.155686042,1.156527216,1.156462216,1.151797084,7.761746136,-8.411746136,stop,-8.411746136,-1.083744043,356.7731275,1356.773127,-0.030195165
2026-03-26,short,1.15666,1.160537771,1.152782229,2026-03-26 12:00,2026-03-26 13:00,1.152717229,1.153556171,1.153491171,1.148839457,7.73941883,-8.38941883,stop,-8.38941883,-1.083985634,348.3837087,1348.383709,-0.036191819
2026-03-30,short,1.15128,1.154884225,1.147675775,2026-03-30 13:00,2026-03-30 14:00,1.147610775,1.148395121,1.148330121,1.144006549,7.193464219,-7.843464219,stop,-7.843464219,-1.090359802,340.5402444,1340.540244,-0.041798231
2026-03-31,long,1.14721,1.150824971,1.143595029,2026-03-31 13:00,2026-03-31 14:00,1.150889971,1.15010348,1.15016848,1.154504942,7.214911008,-7.864911008,stop,-7.864911008,-1.090091201,332.6753334,1332.675333,-0.047419973
2026-04-01,long,1.15913,1.162845607,1.155414393,2026-04-01 16:00,2026-04-01 17:00,1.162910607,1.162104031,1.162169031,1.166626215,7.415765458,-8.065765458,stop,-8.065765458,-1.0876511,324.609568,1324.609568,-0.053185284
2026-04-06,long,1.15331,1.15684078,1.14977922,2026-04-06 8:00,2026-04-06 9:00,1.15690578,1.156136092,1.156201092,1.160436559,7.046878114,-7.696878114,stop,-7.696878114,-1.092239427,316.9126899,1316.91269,-0.058686918
2026-04-07,long,1.15447,1.157981287,1.150958713,2026-04-07 15:00,2026-04-07 16:00,1.158046287,1.15728049,1.15734549,1.161557574,7.007974208,-7.657974208,stop,-7.657974208,-1.092751483,309.2547157,1309.254716,-0.064160745
2026-04-08,short,1.16964,1.17332541,1.16595459,2026-04-08 19:00,2026-04-08 20:00,1.16588959,1.16669014,1.16662514,1.162204181,7.355495498,-8.005495498,stop,-8.005495498,-1.088369302,301.2492202,1301.24922,-0.069882975
2026-04-09,long,1.16645,1.170141375,1.162758625,2026-04-09 16:00,2026-04-09 23:00,1.170206375,1.169404635,1.169469635,1.173897749,7.367400723,-8.017400723,stop,-8.017400723,-1.088226503,293.2318194,1293.231819,-0.075613715
2026-04-10,long,1.16848,1.172167181,1.164792819,2026-04-10 13:00,2026-04-10 17:00,1.172232181,1.171431278,1.171496278,1.175919362,7.359030687,-8.009030687,stop,-8.009030687,-1.08832685,285.2227887,1285.222789,-0.081338472
2026-04-13,long,1.16857,1.172182914,1.164957086,2026-04-13 17:00,2026-04-13 19:00,1.172247914,1.175795828,1.171526833,1.175860828,7.210805195,35.47913853,target,35.47913853,4.920274168,320.7019273,1320.701927,-0.055978418
